1000Museums	1000museums
1CharlesH	1charlesh
2007_s2	2007_s2
2theTopDesign	2thetopdesign
42at42	42at42
4raam4	4raam4
4sqLoveStory	4sqlovestory
67mele	67mele
7thheavenclub	7thheavenclub
99_100thMonkeys	99_100thmonkeys
aashvini	aashvini
abbiesanderson	abbiesanderson
abestanway	abestanway
A_Buchanan	a_buchanan
adamgranak	adamgranak
adamsmm28	adamsmm28
a_devane	a_devane
admrich	admrich
AdoptInTX	adoptintx
AdrianHummel	adrianhummel
AdrienneNHester	adriennenhester
aeer69	aeer69
aFridayThoughts	afridaythoughts
agirlnameddylan	agirlnameddylan
Ahauptman	ahauptman
ajcenac	ajcenac
ajwerner	ajwerner
akifmalik	akifmalik
aktivioslo	aktivioslo
alanajoy	alanajoy
albertwenger	albertwenger
alexandrapool	alexandrapool
alexgarcia	alexgarcia
alexisohanian	alexisohanian
alexorlando	alexorlando
AlfaJunes	alfajunes
aliciasf	aliciasf
AlisNailNews	alisnailnews
AListDFW	alistdfw
allimooney	allimooney
allpeim	allpeim
alvarezjulian	alvarezjulian
alyandajfanatic	alyandajfanatic
amazingemerie	amazingemerie
AmberShaputis	ambershaputis
Ambi_Bambi	ambi_bambi
amnesty	amnesty
amy725	amy725
AmyVernon	amyvernon
Analyticus	analyticus
AnastasiaBaker	anastasiabaker
andreadilieto	andreadilieto
andreandersson	andreandersson
AndrewSabat	andrewsabat
AndrewVest	andrewvest
ANetworking	anetworking
angelmccrea	angelmccrea
anildash	anildash
annabridget	annabridget
annapizarro	annapizarro
AnsonF	ansonf
Antibride	antibride
AntonioCDSmith	antoniocdsmith
apertivo	apertivo
aplusk	aplusk
arielcoro	arielcoro
arielraks	arielraks
arizinhoo	arizinhoo
aroundphilly	aroundphilly
artocalypse	artocalypse
artworkshop	artworkshop
AshleyKMayo	ashleykmayo
ashlietsurusaki	ashlietsurusaki
ashong	ashong
astinajerov	astinajerov
AstroN8	astron8
AthleticShare	athleticshare
Atorrez	atorrez
AugInBethany	auginbethany
Austin360Hot	austin360hot
AustralianOpen	australianopen
axilles	axilles
AzaelLJr	azaelljr
badanalog	badanalog
Badbrad562	badbrad562
BananaBuzzbomb	bananabuzzbomb
BAOFoodandDrink	baofoodanddrink
barcelonette2	barcelonette2
barre3sadie	barre3sadie
BBCAMERICA	bbcamerica
bdgiesen	bdgiesen
BeAnOregonDuck	beanoregonduck
beaulebens	beaulebens
BeckyFoxFitness	beckyfoxfitness
BellagioLV	bellagiolv
bellmar	bellmar
benzado	benzado
BeOurGuestMike	beourguestmike
bernardmoon	bernardmoon
bertrupp	bertrupp
bethferreira	bethferreira
betsyvetter	betsyvetter
bharrier	bharrier
bien_mur	bien_mur
bigdrew	bigdrew
BikersWelcomeUS	bikerswelcomeus
BillionSuccess	billionsuccess
binowski	binowski
bk2gther	bk2gther
blacktoad	blacktoad
blakscribe	blakscribe
blqecqlacqlar	blqecqlacqlar
bluzgrrl	bluzgrrl
BmcmSb	bmcmsb
bmw_free	bmw_free
BobbiBillard	bobbibillard
bobnocek	bobnocek
BoldFreshJew	boldfreshjew
boltron	boltron
BoulderBaked	boulderbaked
bradcbarker	bradcbarker
BradGerick	bradgerick
BradleyStyleNYC	bradleystylenyc
brainw0rm	brainw0rm
BrammoSays	brammosays
BrandonScullion	brandonscullion
Bravotv	bravo
BreakingNews	breakingnews
brendankeegan	brendankeegan
Brett_Ano_Myces	brett_ano_myces
brianhauer	brianhauer
brianstephen	brianstephen
BrickAlleyPub	brickalleypub
Brisk	brisk
Brittany_Ann_	brittany_ann_
BrittonClark	brittonclark
BrokenTreeDist	brokentreedist
BrooklynBrewery	brooklynbrewery
brunasororo	brunasororo
bryanseq	bryanseq
bsnyderII	bsnyderii
BuckDaddy	buckdaddy
BuzzFeed	buzzfeed
Bytemarks	bytemarks
bzamacona	bzamacona
CalEvans	calevans
CalsClassic	calsclassic
cammipham	cammipham
CandaceSanDiego	candacesandiego
Captaindanyo	captaindanyo
CareersAtVZW	careersatvzw
CarissaAnneB	carissaanneb
carlamcgov	carlamcgov
carlos_henry10	carlos_henry10
Carmenino	carmenino
CaronSue	caronsue
CarriBugbee	carribugbee
caseydaigle	caseydaigle
Catahouligan	catahouligan
CatGreggs	catgreggs
CathyIsReal	cathyisreal
c_banman	c_banman
CCdoan	ccdoan
ceceliab	ceceliab
celo4life	celo4life
CEspo916	cespo916
champagnehouses	champagnehouses
charitys	charitys
charliemonteiro	charliemonteiro
ChaseClark	chaseclark
ChaseGarrett23	chasegarrett23
cheepono	cheepono
chellfrank	chellfrank
chevrolet	chevrolet
ChiCityLimits	chicitylimits
chinaprettylady	chinaprettylady
Choberkehr	choberkehr
choopes	choopes
chriskleblanc	chriskleblanc
ChrisN305	chrisn305
chrissanders23	chrissanders23
ChristineHitt	christinehitt
chrszmnt	chrszmnt
Chumy_	chumy_
Cigarcurator	cigarcurator
Cirque	cirque
ciup1	ciup1
ckrewson	ckrewson
ClassyIndeed	classyindeed
Clayman	clayman
cllev	cllev
CNET	cnet
coachella	coachella
coachniquenya	coachniquenya
CodaAlFine	codaalfine
coldwellm	coldwellm
colinglenn	colinglenn
combi31	combi31
compagno2b	compagno2b
conkytonkin	conkytonkin
ContentKim	contentkim
continuants	continuants
Corcoran_Group	corcoran_group
corrieturnbull	corrieturnbull
Cosmopolitan_LV	cosmopolitan_lv
Courtney_Audra	courtney_audra
craigery	craigery
craighepburn	craighepburn
CrainsChicago	crainschicago
crazedmom	crazedmom
CRMcMullen	crmcmullen
crushcomedy	crushcomedy
cspan	cspan
CTBites	ctbites
curlycomedy	curlycomedy
CurtisOutain	curtisoutain
CyberDZynes	cyberdzynes
Cyndi_R82	cyndi_r82
daddyclaxton	daddyclaxton
DailyFanBoy	dailyfanboy
dalehipsh	dalehipsh
DallasDirtCandy	dallasdirtcandy
damian_hunt	damian_hunt
damonjohnsonvc	damonjohnsonvc
dancerbradley	dancerbradley
DanDotLewis	dandotlewis
DanielDreier	danieldreier
danielleguizio	danielleguizio
Dankind2001	dankind2001
danmaccarone	danmaccarone
dannylondon	dannylondon
Danylemelin	danylemelin
darrelwf	darrelwf
DavantiDigital	davantidigital
DaveKerpen	davekerpen
Daveotten9304	daveotten9304
DaveyJustice	daveyjustice
DavidOstrander	davidostrander
DavidRBonanno	davidrbonanno
dawnieslife	dawnieslife
dazzophoto	dazzophoto
dberkowitz	dberkowitz
dbnewsjournal	dbnewsjournal
dbvickery	dbvickery
ddsawyer	ddsawyer
DearMilSpouse	dearmilspouse
DebraMacki	debramacki
def1ant1	def1ant1
Dermdoc	dermdoc
Deskoneer	deskoneer
DeweyDon	deweydon
DewiMaileLim	dewimailelim
dgrreen	dgrreen
DieKathrinS	diekathrins
DigitalAscent	digitalascent
diphen	diphen
discoverLA	discoverla
DJAIDEN	djaiden
djmccaffery	djmccaffery
DjMYK702	djmyk702
djtanner_	djtanner_
djtimdogg418	djtimdogg418
dkr	dkr
dmscott	dmscott
DocGreene	docgreene
DoctorTomi	doctortomi
DomTheNiCK	domthenick
DonRohr	donrohr
doritosuk	doritosuk
DougH	dough
DoyenneDesign	doyennedesign
dr_alkhatib88	dr_alkhatib88
drbatten	drbatten
DRoyale	droyale
dSchrane	dschrane
ducttape	ducttape
dudeitsnissa	dudeitsnissa
DusanMurco	dusanmurco
DustinJMcClure	dustinjmcclure
dwayneburgess	dwayneburgess
eastlondonbus	eastlondonbus
EatingItUp	eatingitup
EcoLiving_	ecoliving_
ECUBetaDave	ecubetadave
edtwit	edtwit
EFL_Guy	efl_guy
ejmiranda	ejmiranda
ekivemark	ekivemark
eleanorbro	eleanorbro
elizadushku	elizadushku
ElliotJ651	elliotj651
elof	elof
ElspethNolen	elspethnolen
emiliad	emiliad
EmilyPfister	emilypfister
Emo_isRad	emo_israd
EnderSumer35	endersumer35
equestrian_girl	equestrian_girl
eramirem	eramirem
EricDet314	ericdet314
EricLayland	ericlayland
ErikZiegelman	erikziegelman
EsmeInfanteNii	esmeinfantenii
estarks02	estarks02
ethan9293	ethan9293
EvaMPaez	evampaez
evgone	evgone
explorethebruce	explorethebruce
eyeonannapolis	eyeonannapolis
Ezzie619	ezzie619
FaceOfJimmy	faceofjimmy
fandw	fandw
FasTake	fastake
felicia_carmela	felicia_carmela
felix	felix
Fight4Wellness	fight4wellness
Fineryder	fineryder
FitnessMagazine	fitnessmagazine
FlSHTACOS	flshtacos
foodem	foodem
FoodNetwork	foodnetwork
Forechecker	forechecker
Forgen	forgen
foursquare	foursquare
FoxNews	foxnews
FoxyQuant	foxyquant
frankneill	frankneill
frappuccino	frappuccino
Freedomwalker77	freedomwalker77
french4thebaron	french4thebaron
FrommersTravel	frommerstravel
fromthebronx	fromthebronx
FunnyLaTice	funnylatice
FuzzysGrape	fuzzysgrape
Gadling	gadling
GarmonJohnson	garmonjohnson
GavinDonovan	gavindonovan
GenePark	genepark
Genevievex3	genevievex3
GeoPollster	geopollster
Getlikeme20123	getlikeme20123
GetOuttaMyHead	getouttamyhead
gilbertogalea	gilbertogalea
GiltCityNYC	giltcitynyc
gingerbreadgal	gingerbreadgal
giovanni	giovanni
girlsgonesporty	girlsgonesporty
GlamSquadShop	glamsquadshop
globallover3	globallover3
gmacch	gmacch
GNCLiveWell	gnclivewell
GoddardMike	goddardmike
gonzaloluengo	gonzaloluengo
GOOD	good
GourmetLive	gourmetlive
GQMagazine	gqmagazine
graciesoriano	graciesoriano
graisinbrand	graisinbrand
graysee_	graysee_
gregarious	gregarious
griner	griner
GRogersFitness	grogersfitness
Guggenheim	guggenheim
gupshupblog	gupshupblog
gvaro	gvaro
HajjFlemings	hajjflemings
hamashon	hamashon
HARDROCK	hardrock
hasnat65	hasnat65
havebettersex	havebettersex
hayitsalexis	hayitsalexis
hbrink1	hbrink1
healthyhappier	healthyhappier
HeatherDMarie	heatherdmarie
HeatherrGlass	heatherrglass
heidismilde	heidismilde
helloitsliam	helloitsliam
heymattkirsch	heymattkirsch
hiddnmickey80	hiddnmickey80
highmuseumofart	highmuseumofart
HildaAGoulay	hildaagoulay
History	historychannel
hmason	hmason
HOBSanDiego	hobsandiego
HolgerSchmidt	holgerschmidt
hornOKplease	hornokplease
horzadevil	horzadevil
hottweils	hottweils
Housesitter	housesitter
HRLori	hrlori
huertamd	huertamd
huffmanaustin	huffmanaustin
HyattMaui	hyattmaui
iamadj74	iamadj74
iamglennmiller	iamglennmiller
iamkhayyam	iamkhayyam
ianmackie	ianmackie
Ibzbartenders	ibzbartenders
Iconic88	iconic88
ienner	ienner
IFTTT	ifttt
iJody	ijody
iluvMarthasVY	iluvmarthasvy
Im_HeteroSapien	im_heterosapien
indybootcamps	indybootcamps
indyfitgrooms	indyfitgrooms
ineedscents	ineedscents
inside_zappos	inside_zappos
InsperityJobs	insperityjobs
interactivelr	interactivelr
intlidol	intlidol
iowastyle	iowastyle
irisisa	irisisa
IrmaGurd	irmagurd
ISLSS	islss
Israadiputra	israadiputra
ittsssDOMI	ittsssdomi
Ivonamission	ivonamission
jackinessity	jackinessity
JackWagner54	jackwagner54
jacobdfriedman	jacobdfriedman
jakelichtenstei	jakelichtenstei
jaldous	jaldous
JambaJuice	jambajuice
jameshuerta	jameshuerta
JamieHayesArt	jamiehayesart
jamieoliver	jamieoliver
Janina_Marie	janina_marie
jasonfox_me	jasonfox_me
jasonkeath	jasonkeath
JasynC66	jasync66
jayadrathsingh	jayadrathsingh
jaycbee	jaycbee
jaznijjar	jaznijjar
jazzyjade45	jazzyjade45
jcarillo	jcarillo
jeaniehornung	jeaniehornung
jeannemariepics	jeannemariepics
JeffCutler	jeffcutler
jeffrey3063	jeffrey3063
JeniceMarie	jenicemarie
jenmoses	jenmoses
jennicake	jennicake
JennMatilla	jennmatilla
jennylup	jennylup
jenw87	jenw87
jeremiahaja	jeremiahaja
jeremypalmer	jeremypalmer
jerseygrl	jerseygrl
jesse_s_smith	jesse_s_smith
JessicaKM2	jessicakm2
JessicaNorthey	jessicanorthey
JessicaQChen	jessicaqchen
j_hershh	j_hershh
jillboc	jillboc
jimangel2	jimangel2
jimgrayonline	jimgrayonline
JimmyStyle	jimmystyle
jlgoldfarb	jlgoldfarb
jmj427	jmj427
jnegretti	jnegretti
Jniedfeldt	jniedfeldt
joannabarbie	joannabarbie
Jociito	jociito
JoeCLucas	joeclucas
Joelalvarado	joelalvarado
joelyoh	joelyoh
joemarchese	joemarchese
joewmarshall	joewmarshall
Johanne1975	johanne1975
johncpacker	johncpacker
JohnEdetroiT	johnedetroit
JohnsHopkins	johnshopkins
jojo197472	jojo197472
JonathanESmith	jonathanesmith
jonmarkgo	jonmarkgo
jonwolffmusic	jonwolffmusic
JordanChris	jordanchris
Jordanmabe	jordanmabe
jordiaraz	jordiaraz
josephmorin	josephmorin
joshkersey	joshkersey
JoshuaDavies	joshuadavies
joshuaschwimmer	joshuaschwimmer
joy9017	joy9017
jpunishill	jpunishill
jrocke217	jrocke217
jruggiero	jruggiero
jrypglsk	jrypglsk
jspepper	jspepper
jtucker65	jtucker65
__JuanAntonio__	__juanantonio__
juhfroiss	juhfroiss
JulenReal	julenreal
JulieFord808	julieford808
Jumperchick11	jumperchick11
justaudrey	justaudrey
justinseago	justinseago
jvivij	jvivij
jwillie	jwillie
kace_marie	kace_marie
kalafralala	kalafralala
karaph	karaph
Kar_inthegarage	kar_inthegarage
katebuckjr	katebuckjr
KateSpeer24	katespeer24
kathleen_khan	kathleen_khan
katjapresnal	katjapresnal
katpenwell	katpenwell
KaylaZerby	kaylazerby
kazab	kazab
kebwilson	kebwilson
keefmoon	keefmoon
KeithArsenault	keitharsenault
kellishives	kellishives
kellypurkey	kellypurkey
kennychesney	kennychesney
KenyonMaree	kenyonmaree
kevin_goldberg	kevin_goldberg
kevinmarks	kevinmarks
kfc_colonel	kfc_colonel
kikapimenta	kikapimenta
kim	kim
Kim_SFB	kim_sfb
KipnisStudios	kipnisstudios
KISS_Janitorial	kiss_janitorial
kk	kk
KnibbCraig	knibbcraig
KoelnFormat	koelnformat
kosame06	kosame06
kprobbins	kprobbins
KristaAshton	kristaashton
KristenSkiMom	kristenskimom
KristerDunn	kristerdunn
Krochmal	krochmal
krystalwoman	krystalwoman
kturrini	kturrini
kulmer15	kulmer15
KylaApplegate	kylaapplegate
kyledeb	kyledeb
LAcarGUY	lacarguy
laignelet	laignelet
LalehFarrah	lalehfarrah
lancelfc	lancelfc
LaniVoivod	lanivoivod
LaughingSquid	laughingsquid
LauraLynnSings	lauralynnsings
LaurenAshleys	laurenashleys
LaurenJBuchman	laurenjbuchman
LAwonders	lawonders
LeadingHotels	leadinghotels
LeahMarie519	leahmarie519
LeClairDave	leclairdave
LeilaLi39426164	leilali39426164
leolaporte	leolaporte
leyla_a	leyla_a
lgloco	lgloco
libawr	libawr
libedon	libedon
LilJeffieJeff	liljeffiejeff
lilsmarsh	lilsmarsh
linazza	linazza
Lisa1920PM	lisa1920pm
LisaVaren1	lisavaren1
lishypants25	lishypants25
LiveArtsFringe	liveartsfringe
LivngRawByGrace	livngrawbygrace
LizSkoczylas	lizskoczylas
ljaniszewski8	ljaniszewski8
LOLinROFLin	lolinroflin
lordofthedawn	lordofthedawn
Los_corrales	los_corrales
LouisVuitton	louisvuitton
LoveableLion	loveablelion
LoveTheCool	lovethecool
LSH	lsh
Lucas_PVPLabel	lucas_pvplabel
luciencoy	luciencoy
lucyssanchez	lucyssanchez
lukeaf	lukeaf
lululemon	lululemon
LusciousNYC	lusciousnyc
lynneluvah	lynneluvah
M155L34	m155l34
MACKTASTICA	macktastica
MadeInAmericaSC	madeinamericasc
mager	mager
MahmoudJuma	mahmoudjuma
makmakdaddy	makmakdaddy
malibubrandy7	malibubrandy7
MammothMountain	mammothmountain
mancinelli1	mancinelli1
Manhunt	manhunt
MarathonJunkie	marathonjunkie
marcmanalang	marcmanalang
MariaJesusV	mariajesusv
marieclaire	marieclaire
Mariners	mariners
MarissaLK85	marissalk85
MarkRiffey	markriffey
MarkVogler	markvogler
marthadear	marthadear
MartiniOlives	martiniolives
marybaum20	marybaum20
mashable	mashable
mat	mat
Matik72	matik72
mattbuchanan	mattbuchanan
MatthewJLeBlanc	matthewjleblanc
matthewtennant	matthewtennant
MattMuller20	mattmuller20
mattyb123	mattyb123
Maureen_Jacobs	maureen_jacobs
MaxMuscleVA1364	maxmuscleva1364
mayhemstudios	mayhemstudios
mbmakara	mbmakara
McD_Detroit	mcd_detroit
mcomeslast	mcomeslast
mcurtis808	mcurtis808
measureCP	measurecp
megameetei	megameetei
megan_foro	megan_foro
megbutton	megbutton
melanie1825	melanie1825
Melebear	melebear
melissajwalker	melissajwalker
MellowAZ	mellowaz
MercuryX	mercuryx
metmuseum	metmuseum
Metromix	metromix
mfcmag	mfcmag
m_gilles	m_gilles
micek	micek
MichaelFConnors	michaelfconnors
michaelrburcham	michaelrburcham
MichealNose	michealnose
michelledozois	michelledozois
Mick_Gill	mick_gill
MikeAdamsPhotog	mikeadamsphotog
mikecurrey	mikecurrey
MikePosner	mikeposner
MikeTruong	miketruong
mikewnuk	mikewnuk
mikulsky	mikulsky
MindOnWine	mindonwine
miquelgomis	miquelgomis
Mirage9988	mirage9988
MischiefinVegas	mischiefinvegas
misshope	misshope
MissKelly1022	misskelly1022
misspickles2	misspickles2
MissShawnAshley	missshawnashley
mistersugar	mistersugar
mizzdenamarie	mizzdenamarie
MktgNerd	mktgnerd
MladyKreativec	mladykreativec
MLS	mls
MoBea	mobea
MoKnowsHomes	moknowshomes
MommaMarie824	mommamarie824
montaebryant	montaebryant
morethanawesome	morethanawesome
MOTORPHILIA	motorphilia
mpie8	mpie8
mrflip	mrflip
MSF_USA	msf_usa
msh	msh
msjadeb	msjadeb
msmeshelle	msmeshelle
mtn_dew	mtn_dew
MTV	mtv
MukawaM	mukawam
Musiccoaching	musiccoaching
muthmedia	muthmedia
mydeco	mydeco
_Mynxie	_mynxie
mySpaShop	myspashop
N8theSk8	n8thesk8
nakaekou	nakaekou
NanaNepo	nananepo
nandonco	nandonco
NaneGuardiola	naneguardiola
nashvillesymph	nashvillesymph
natalielent	natalielent
NatGeo	natgeo
NathanPdub	nathanpdub
naughtyafarias	naughtyafarias
naveen	naveen
NBCTheVoice	nbcthevoice
NctrnlBst	nctrnlbst
NeilGale	neilgale
NeonVacation	neonvacation
NewsMeBack	newsmeback
NewYorker	newyorker
ngilbert78	ngilbert78
NiamhHughes	niamhhughes
nickbilton	nickbilton
Nick_Mangos	nick_mangos
NickyChips	nickychips
NightlyNails	nightlynails
nikebaseball	nikebaseball
nik_nik	nik_nik
NipTuman	niptuman
nnthuan	nnthuan
NoelMcDermott	noelmcdermott
norcalfoxybrown	norcalfoxybrown
NorthStarBar	northstarbar
Nosa_Vos	nosa_vos
NPR	npr
Number10gov	number10gov
NW_Music_Scene	nw_music_scene
NYC_DOT	nyc_dot
NYCFormika	nycformika
NYC_Nightlife	nyc_nightlife
NYMag	nymag
nytimes	nytimes
ObamAmerican48	obamamerican48
OBEYGIANT	obeygiant
_OCAB_	_ocab_
OhYeah_Her	ohyeah_her
olemissrx94	olemissrx94
Olympics	olympics
omgitzfern	omgitzfern
ONESLYONE	oneslyone
opajdara	opajdara
ortelius	ortelius
OscarThiers	oscarthiers
OurManinMTL	ourmaninmtl
OurOrdinaryLife	ourordinarylife
OutSpokenNYC	outspokennyc
ozerhawa	ozerhawa
pahlkadot	pahlkadot
PalazzoLasVegas	palazzolasvegas
Panda_Austen	panda_austen
parentsmagazine	parentsmagazine
parlotones	parlotones
patcarroll_acct	patcarroll_acct
patgrahamblock	patgrahamblock
patrick	patrick
Patrick_STSADM	patrick_stsadm
paulasauls	paulasauls
pauli_la	pauli_la
PaulParmley	paulparmley
PBS	pbs
PCC	pcc
pedrodfonseca	pedrodfonseca
peeweeherman	peeweeherman
pepsi	pepsi
percolate	percolate
pete_austin	pete_austin
peterkim	peterkim
PeteyRocks	peteyrocks
PGMCBass	pgmcbass
PhilaUnion	philaunion
PhilliesChris	phillieschris
phillyfreedm	phillyfreedm
Phils08champs	phils08champs
phitcomedy	phitcomedy
phvegas	phvegas
PhysiciansPR	physicianspr
Pitch360	pitch360
pjkinsella	pjkinsella
planesANDapples	planesandapples
pnlamandre	pnlamandre
poofleia	poofleia
pornstartrevor	pornstartrevor
pranavno9	pranavno9
prcrash	prcrash
prepkidlv	prepkidlv
PrhymeRhymeBoss	prhymerhymeboss
PriscilaaMatoss	priscilaamatoss
PRNicoleV	prnicolev
projectdanielle	projectdanielle
Pruiii	pruiii
publiclybailey	publiclybailey
puccetto	puccetto
QBryner	qbryner
QueenJaimi	queenjaimi
Que_so_dip	que_so_dip
r0b3rta	r0b3rta
rachelrubes	rachelrubes
Racked	racked
RacquetClubAP	racquetclubap
raerae519	raerae519
RafaMartinTV	rafamartintv
RajQsar	rajqsar
ramashanker3887	ramashanker3887
randi808	randi808
RandyCantrell	randycantrell
RaviMongia	ravimongia
Razorfish	razorfish
ReaLIZeU	realizeu
Rebecca_Reece	rebecca_reece
rebexxxa	rebexxxa
redbullracing	redbullracing
Redskins	redskins
reedsmith	reedsmith
reinventingcole	reinventingcole
resistencejack	resistencejack
restorerguy	restorerguy
RevBell01	revbell01
rhapsodyartist	rhapsodyartist
rhodymomrunner	rhodymomrunner
richbltn	richbltn
RickBakas	rickbakas
RickGriffin	rickgriffin
RickyCam	rickycam
RigginsConst	rigginsconst
Rita_Barry_	rita_barry_
rje7	rje7
robbertom	robbertom
RobertsHP	robertshp
robknapton	robknapton
robwindsor	robwindsor
RodriggoLeao	rodriggoleao
roicayo	roicayo
ronilsonkosta	ronilsonkosta
ron_ledford	ron_ledford
Route53	route53
roxannnne	roxannnne
rpilney	rpilney
rrrins	rrrins
rsullivanlaw	rsullivanlaw
RTMINDLER	rtmindler
RubenSanchezBCN	rubensanchezbcn
Rumsey48	rumsey48
RunningEscapade	runningescapade
RuRoulette	ruroulette
rwwmike	rwwmike
Ryanintheus	ryanintheus
RyanSeacrest	ryanseacrest
sacrebleuwine	sacrebleuwine
saladin010	saladin010
Samproof	samproof
samshank	samshank
saraenewell	saraenewell
SarahChambers	sarahchambers
sarah_eldred	sarah_eldred
SarahTilton	sarahtilton
SARiverwalkFun	sariverwalkfun
Saxe_Ortho	saxe_ortho
sceshultz	sceshultz
SchneiderMarc	schneidermarc
ScionBoo	scionboo
scootklein	scootklein
scottcb71	scottcb71
ScottMonty	scottmonty
scrappy_face	scrappy_face
scwbkk	scwbkk
SeanMurphy747	seanmurphy747
SeattleMet	seattlemet
seattletimes	seattletimes
seiji13	seiji13
SenorMacaroni	senormacaroni
Seranatos	seranatos
Serna_ALLday	serna_allday
SethSklar	sethsklar
SFLFoodie	sflfoodie
SFMOMA	sfmoma
shaanhaider	shaanhaider
ShaneRWright	shanerwright
Shape_Magazine	shape_magazine
ShaunaCausey	shaunacausey
shawnwestfall	shawnwestfall
shaynesanderson	shaynesanderson
Sherilynn75	sherilynn75
shimpster	shimpster
shiralazar	shiralazar
shrutigoradia	shrutigoradia
shwen	shwen
simonschuster	simonschuster
simple_songbird	simple_songbird
sincevince	sincevince
Siravo	siravo
SixyDukeMom	sixydukemom
ski081	ski081
skilibertymtn	skilibertymtn
SlackerRadio	slackerradio
slangeditorial	slangeditorial
slim	slim
slowloris	slowloris
SMReach	smreach
snoram777	snoram777
snwbdrhoon	snwbdrhoon
so0fly	so0fly
SocialSavvyGeek	socialsavvygeek
SocialWicker	socialwicker
Sony	sony
Sorce_Money	sorce_money
SoundersFC	soundersfc
SparkTacoma	sparktacoma
spin1038	spin1038
SPOILEDMONROE	spoiledmonroe
SP_Sniper	sp_sniper
srinaldi	srinaldi
staceyngo	staceyngo
stacyknows	stacyknows
STARANDDRAMA	staranddrama
starbucks_es	starbucks_es
stbox	stbox
stephagresta	stephagresta
steph_marie_c_4	steph_marie_c_4
SteveAkinsSEO	steveakinsseo
stevegraham	stevegraham
stevehall	stevehall
stevewoz	stevewoz
Strawb3ryFieldz	strawb3ryfieldz
studiomuseco	studiomuseco
stylistadvocate	stylistadvocate
Suave_Son_D3VIL	suave_son_d3vil
SUITERYDETAXI	suiterydetaxi
SunintheSkye	sunintheskye
Sunny1051	sunny1051
superbetch	superbetch
SuperStar4428	superstar4428
susie_parker	susie_parker
SuzyFitCoach	suzyfitcoach
S_Wash	s_wash
SynergyByDesign	synergybydesign
t0mmym3ad	t0mmym3ad
tacanderson	tacanderson
TajMahalMumbai	tajmahalmumbai
TarahFO	tarahfo
tarasuan	tarasuan
tayari	tayari
teach42	teach42
TechFrog	techfrog
technosailor	technosailor
tedvalentin	tedvalentin
teegause	teegause
temptinTAUREAN	temptintaurean
Tennessean	tennessean
tgdietz	tgdietz
thachnguyen	thachnguyen
thaz7	thaz7
TheBigDebowski	thebigdebowski
thebradking	thebradking
thedailymeal	thedailymeal
thedewtour	thedewtour
thedrakehotel	thedrakehotel
TheEllenShow	theellenshow
The_Geb	the_geb
The_Git	the_git
theigirl	theigirl
thejoshbjones	thejoshbjones
themaninthehat	themaninthehat
TheMirageLV	themiragelv
TheonlyJGrant	theonlyjgrant
thepatmorgan	thepatmorgan
theplanetd	theplanetd
TheRealEpison	therealepison
TheSpotOffMain	thespotoffmain
TheTorySmith	thetorysmith
theycallmeTREE	theycallmetree
thisisbossi	thisisbossi
ThomasCrampton	thomascrampton
threadless	threadless
thutee	thutee
Tiannacalcagno	tiannacalcagno
TiffanyDeshawn	tiffanydeshawn
TikiAmy1	tikiamy1
timdifford	timdifford
TimeOutNewYork	timeoutnewyork
timm3h	timm3h
timoreilly	timoreilly
TJKot	tjkot
tlongacre	tlongacre
tneumann	tneumann
Todd1HHD	todd1hhd
tomastokarcik	tomastokarcik
Tom_Nguyen_	tom_nguyen_
tonyblass	tonyblass
tonyrobots	tonyrobots
TopChauffeur	topchauffeur
torrenegra	torrenegra
totallytobin	totallytobin
TracyStewart17	tracystewart17
travel_buddah	travel_buddah
travelitalia	travelitalia
TravisPearl	travispearl
TRAVNATION80	travnation80
trikell27	trikell27
Trish_Thibault	trish_thibault
tristanwalker	tristanwalker
TSParnell	tsparnell
tttunafish	tttunafish
twinity	twinity
TWIZZLERS	twizzlers
tylerdickinson	tylerdickinson
tylerstalder	tylerstalder
UConn	uconn
UMG	umg
unmarketing	unmarketing
urhandreader	urhandreader
USATODAY	usatoday
USNatArchives	usnatarchives
utorrent	utorrent
UW	uw
VABeloved	vabeloved
VB_FunnyBone	vb_funnybone
Vegas	vegas
VegasVcard	vegasvcard
Vemma	vemma
verykristin	verykristin
Victorcarbonero	victorcarbonero
Victorzinhow	victorzinhow
viktoriabk	viktoriabk
vintageandmoore	vintageandmoore
vintagejohnny	vintagejohnny
viperdayle	viperdayle
visitPA	visitpa
visitphilly	visitphilly
VladimirLarose	vladimirlarose
VMS_Washington	vms_washington
VNL	vnl
volcom_ent	volcom_ent
Walgreens	walgreens
WalmartHub	walmarthub
warrenss	warrenss
WarrenWhitlock	warrenwhitlock
waylonn9	waylonn9
weedmaps	weedmaps
WeHeartHawaii	wehearthawaii
WendyMonday	wendymonday
weslyons	weslyons
wetherhaven	wetherhaven
WHISKEYBLUELA	whiskeybluela
whitehouse	whitehouse
whitneymeers	whitneymeers
whizhouse	whizhouse
Wil0520	wil0520
willy_wopper	willy_wopper
windowsphone	windowsphone
Winkleman	winkleman
wjasong	wjasong
WomensHealthMag	womenshealthmag
worldwidewaddie	worldwidewaddie
WSJ	wsj
wwbaker3	wwbaker3
YanceyU	yanceyu
yeezybabyy_	yeezybabyy_
yoavlurie	yoavlurie
YogaArmy	yogaarmy
YoungOwen	youngowen
YouTern	youtern
Zaharoff	zaharoff
zero6s1d9	zero6s1d9
zinfiend	zinfiend
ZoePoundEntTR_J	zoepoundenttr_j
zz01pr	zz01pr
